Survey,Titles,Text,Input Type,Values,Variable,Condition,Name,Image/Media,Timeout,Note,ShowButtons
INTRO,,Please enter your participant ID below. (The researcher will tell you this number.),Entry,,,,participantid,,,to appear right as they open the app ,
INTRO,,Welcome to MindTrails! This initial session will be a bit longer than future sessions.\n\nWe’ll give you some more information about the rationale for this program and explain how to get the most out of the app. You’ll have the opportunity to set up a meeting with the research team at the end of this session if you have any questions or concerns.\n\nReady to get started? Hit the Next button below to begin.,,,,,,,,,
INTRO,Demographics,What sex were you assigned at birth on your original birth certificate?,Single,1. Female; 2. Intersex; 3. Male; 4. !Something not listed (please specify); 5. ^Prefer not to answer,sex,,sex,,,,
INTRO,Demographics,Do you identify as transgender?,Single,1. Yes; 2. No; 3. ^Prefer not to answer,,,transgender,,,,
INTRO,Demographics,What is your gender identity? (Please select all that apply.),Multi,1. Woman; 2. Man; 3. Nonbinary; 4. Agender; 5. Gender fluid; 6. Genderqueer; 7. Gender questioning; 8. !Identity not listed (please specify); 9. ^Prefer not to answer,gender,,gender,,,,
INTRO,Demographics,What is your sexual orientation and/or sexual identity? (Please select all that apply.),Multi,1. Asexual or aromantic; 2. Bisexual; 3. Demisexual; 4. Gay; 5. Lesbian; 6. Pansexual; 7. Queer; 8. Questioning or uncertain; 9. Sexually fluid; 10. Straight or heterosexual; 11. !Identity not listed (please specify); 12. ^Prefer not to answer,,,sexuality,,,,
INTRO,Demographics,What is your current age in years?,Picker,18; 19; 20; 21; 22; 23; 24; 25; 26; 27; 28; 29; 30; 31; 32; 33; 34; 35; 36; 37; 38; 39; 40; 41; 42; 43; 44; 45; 46; 47; 48; 49; 50; 51; 52; 53; 54; 55; 56; 57; 58; 59; 60; 61; 62; 63; 64; 65; 66; 67; 68; 69; 70; 71; 72; 73; 74; 75; 76; 77; 78; 79; 80; 81; 82; 83; 84; 85; 86; 87; 88; 89; 90; 91; 92; 93; 94; 95; 96; 97; 98; 99; ^Prefer not to answer,birthyear,,birthyear,,,,
INTRO,Demographics,Please select the categories that comprise your race or ethnicity. (Please select all that apply.),Multi,"1. American Indian or Alaska Native; 2. Arab, Middle Eastern, or North African; 3. East Asian; 4. South Asian; 5. Southeast Asian; 6. Native Hawaiian or other Pacific Islander; 7. Black or African American; 8. Hispanic or Latine; 9. White; 10. !Identity not listed (please specify); 11. ^Prefer not to answer",,,ethnicity,,,,
INTRO,Demographics,What is your first language?,Single,1. English; 2. !Something else (please specify first language learned); 3. ^Prefer not to answer,,,language,,,,
INTRO,Demographics,In which country were you born?,Single,1. United States; 2. !Someplace else (please specify); 3. ^Prefer not to answer,,,birth_country,,,,
INTRO,Demographics,"What is your present religion, if any? (Please select all that apply.)",Multi,1. Protestant; 2. Roman Catholic; 3. Mormon; 4. Orthodox such as Greek or Russian Orthodox; 5. Jewish; 6. Muslim; 7. Buddhist; 8. Hindu; 9. atheist; 10. agnostic; 11. !Somthing else (please specify); 12. Nothing in particular,,,religion,,,,
INTRO,Demographics,Which of the following best describes your employment status?,Single,"1. Student; 2. Employed full time; 3. Employed part time; 4. Self-employed full time; 5. Self-employed part time; 6. Not employed, but looking for work; 7. Not employed and not looking for work; 8. Not employed and unable to work due to a disability or illness; 9. Retired; 10. Stay-at-home spouse or partner; 11. !Prefer to self-describe (please specify); 12. ^Prefer not to answer",,,employment_status,,,,
INTRO,Demographics,Please enter your approximate household income in a single year before taxes (US $).,Single,"1. <$25,000; 2. $25,000 - $49,999; 3. $50,000 - $74,999; 4. $75,000 - $149,000; 5. >$150,000; 6. unsure/don't know; 7. ^Prefer not to answer",,,income,,,,
INTRO,Demographics,What year of study are you in?,Single,1. 1st year; 2. 2nd year; 3. 3rd year; 4. 4th year; 5. 5th year; 6. 6th year or higher; 7. Not a student,,,year_of_study,,,,
INTRO,Demographics,Do you have a disability?,Single,1. Yes; 2. No; 3. I don't know; 4. ^Prefer not to answer,disability,,disability,,,,
INTRO,Demographics,How would you describe your disability? (Please select all that apply.),Multi,1. Cognitive/learning disability; 2. Long-term medical illness; 3. Long-term mental health condition; 4. Physical disability; 5. Sensory disability; 6. !Prefer to self-describe (please specify); 7. ^Prefer not to answer,,disability = 1,disability_description,,,,
INTRO,Baseline Measurements Survey,"Please read each statement and circle a number 0, 1, 2 or 3 which indicates how much the statement applied to you over the past week. There are no right or wrong answers. Do not spend too much time on any statement. The rating scale is as follows:

0 = Did not apply to me at all
1 = Applied to me to some degree, or some of the time
2 = Applied to me to a considerable degree, or a good part of time
3 = Applied to me very much, or most of the time",,,,,,,,,
INTRO,Baseline Measurements Survey,I found it hard to wind down,Single,"0. Did not apply to me at all; 1. Applied to me to some degree, or some of the time; 2. Applied to me to a considerable degree, or a good part of time; 3. Applied to me very much, or most of the time",,,dass_1,,,,
INTRO,Baseline Measurements Survey,I was aware of dryness of my mouth,Single,"0. Did not apply to me at all; 1. Applied to me to some degree, or some of the time; 2. Applied to me to a considerable degree, or a good part of time; 3. Applied to me very much, or most of the time",,,dass_2,,,,
INTRO,Baseline Measurements Survey,I couldn’t seem to experience any positive feeling at all,Single,"0. Did not apply to me at all; 1. Applied to me to some degree, or some of the time; 2. Applied to me to a considerable degree, or a good part of time; 3. Applied to me very much, or most of the time",,,dass_3,,,,
INTRO,Baseline Measurements Survey,"I experienced breathing difficulty (e.g. excessively rapid breathing, breathlessness in the absence of physical exertion)",Single,"0. Did not apply to me at all; 1. Applied to me to some degree, or some of the time; 2. Applied to me to a considerable degree, or a good part of time; 3. Applied to me very much, or most of the time",,,dass_4,,,,
INTRO,Baseline Measurements Survey,I found it difficult to work up the initiative to do things,Single,"0. Did not apply to me at all; 1. Applied to me to some degree, or some of the time; 2. Applied to me to a considerable degree, or a good part of time; 3. Applied to me very much, or most of the time",,,dass_5,,,,
INTRO,Baseline Measurements Survey,I tended to over-react to situations,Single,"0. Did not apply to me at all; 1. Applied to me to some degree, or some of the time; 2. Applied to me to a considerable degree, or a good part of time; 3. Applied to me very much, or most of the time",,,dass_6,,,,
INTRO,Baseline Measurements Survey,I experienced trembling (e.g. in the hands),Single,"0. Did not apply to me at all; 1. Applied to me to some degree, or some of the time; 2. Applied to me to a considerable degree, or a good part of time; 3. Applied to me very much, or most of the time",,,dass_7,,,,
INTRO,Baseline Measurements Survey,I felt that I was using a lot of nervous energy,Single,"0. Did not apply to me at all; 1. Applied to me to some degree, or some of the time; 2. Applied to me to a considerable degree, or a good part of time; 3. Applied to me very much, or most of the time",,,dass_8,,,,
INTRO,Baseline Measurements Survey,I was worried about situations in which I might panic and make a fool of myself,Single,"0. Did not apply to me at all; 1. Applied to me to some degree, or some of the time; 2. Applied to me to a considerable degree, or a good part of time; 3. Applied to me very much, or most of the time",,,dass_9,,,,
INTRO,Baseline Measurements Survey,I felt that I had nothing to look forward to,Single,"0. Did not apply to me at all; 1. Applied to me to some degree, or some of the time; 2. Applied to me to a considerable degree, or a good part of time; 3. Applied to me very much, or most of the time",,,dass_10,,,,
INTRO,Baseline Measurements Survey,I found myself getting agitated,Single,"0. Did not apply to me at all; 1. Applied to me to some degree, or some of the time; 2. Applied to me to a considerable degree, or a good part of time; 3. Applied to me very much, or most of the time",,,dass_11,,,,
INTRO,Baseline Measurements Survey,I found it difficult to relax,Single,"0. Did not apply to me at all; 1. Applied to me to some degree, or some of the time; 2. Applied to me to a considerable degree, or a good part of time; 3. Applied to me very much, or most of the time",,,dass_12,,,,
INTRO,Baseline Measurements Survey,I felt down-hearted and blue,Single,"0. Did not apply to me at all; 1. Applied to me to some degree, or some of the time; 2. Applied to me to a considerable degree, or a good part of time; 3. Applied to me very much, or most of the time",,,dass_13,,,,
INTRO,Baseline Measurements Survey,I was intolerant of anything that kept me from getting on with what I was doing,Single,"0. Did not apply to me at all; 1. Applied to me to some degree, or some of the time; 2. Applied to me to a considerable degree, or a good part of time; 3. Applied to me very much, or most of the time",,,dass_14,,,,
INTRO,Baseline Measurements Survey,I felt I was close to panic,Single,"0. Did not apply to me at all; 1. Applied to me to some degree, or some of the time; 2. Applied to me to a considerable degree, or a good part of time; 3. Applied to me very much, or most of the time",,,dass_15,,,,
INTRO,Baseline Measurements Survey,I was unable to become enthusiastic about anything,Single,"0. Did not apply to me at all; 1. Applied to me to some degree, or some of the time; 2. Applied to me to a considerable degree, or a good part of time; 3. Applied to me very much, or most of the time",,,dass_16,,,,
INTRO,Baseline Measurements Survey,I felt I wasn’t worth much as a person,Single,"0. Did not apply to me at all; 1. Applied to me to some degree, or some of the time; 2. Applied to me to a considerable degree, or a good part of time; 3. Applied to me very much, or most of the time",,,dass_17,,,,
INTRO,Baseline Measurements Survey,I felt that I was rather touchy,Single,"0. Did not apply to me at all; 1. Applied to me to some degree, or some of the time; 2. Applied to me to a considerable degree, or a good part of time; 3. Applied to me very much, or most of the time",,,dass_18,,,,
INTRO,Baseline Measurements Survey,"I was aware of the action of my heart in the absence of physical exertion (e.g. sense of heart rate increase, heart missing a beat)",Single,"0. Did not apply to me at all; 1. Applied to me to some degree, or some of the time; 2. Applied to me to a considerable degree, or a good part of time; 3. Applied to me very much, or most of the time",,,dass_19,,,,
INTRO,Baseline Measurements Survey,I felt scared without any good reason,Single,"0. Did not apply to me at all; 1. Applied to me to some degree, or some of the time; 2. Applied to me to a considerable degree, or a good part of time; 3. Applied to me very much, or most of the time",,,dass_20,,,,
INTRO,Baseline Measurements Survey,I felt that life was meaningless,Single,"0. Did not apply to me at all; 1. Applied to me to some degree, or some of the time; 2. Applied to me to a considerable degree, or a good part of time; 3. Applied to me very much, or most of the time",,,dass_21,,,,
INTRO,Baseline Measurements Survey,Please note that the following questions use a different rating scale,,,,,,,,,
INTRO,Baseline Measurements Survey,How often do you feel anxious?,Single,0. Never; 1. Rarely; 2. Occasionally; 3. Frequently; 4. Constantly,,,oasis_1,,,,
INTRO,Baseline Measurements Survey,"When you feel anxious, how intense or severe is your anxiety?",Single,0. None; 1. Mild; 2. Moderate; 3. Severe; 4. Extreme,,,oasis_2,,,,
INTRO,Baseline Measurements Survey,"How often do you avoid situations, places, objects, or activities because of anxiety or fear?",Single,0. Never; 1. Rarely; 2. Occasionally; 3. Frequently; 4. All the Time,,,oasis_3,,,,
INTRO,Baseline Measurements Survey,"How much does anxiety or fear interfere with your ability to do the things you need to do at work, at school, or at home?",Single,0. Not at all; 1. Mild; 2. Moderate; 3. Severe; 4. Extreme,,,oasis_4,,,,
INTRO,Baseline Measurements Survey,How much does anxiety or fear interfere with your social life and relationships?,Single,0. Not at all; 1. Mild; 2. Moderate; 3. Severe; 4. Extreme,,,oasis_5,,,,
INTRO,Baseline Measurements Survey,Please rate how often each of the following statements applies to you,,,,,,,,,
INTRO,Baseline Measurements Survey,I pay attention to how I feel.  ,Single,1. Almost never (0-10%); 2. Sometimes (11-35%); 3. About half the time (36-65%); 4. Most of the time (66-90%); 5. Almost always (91-100%),,,ders_sf_1,,,,
INTRO,Baseline Measurements Survey,I have no idea how I am feeling.,Single,1. Almost never (0-10%); 2. Sometimes (11-35%); 3. About half the time (36-65%); 4. Most of the time (66-90%); 5. Almost always (91-100%),,,ders_sf_2,,,,
INTRO,Baseline Measurements Survey,I have difficulty making sense out of my feelings. ,Single,1. Almost never (0-10%); 2. Sometimes (11-35%); 3. About half the time (36-65%); 4. Most of the time (66-90%); 5. Almost always (91-100%),,,ders_sf_3,,,,
INTRO,Baseline Measurements Survey,I care about what I am feeling.  ,Single,1. Almost never (0-10%); 2. Sometimes (11-35%); 3. About half the time (36-65%); 4. Most of the time (66-90%); 5. Almost always (91-100%),,,ders_sf_4,,,,
INTRO,Baseline Measurements Survey,I am confused about how I feel.  ,Single,1. Almost never (0-10%); 2. Sometimes (11-35%); 3. About half the time (36-65%); 4. Most of the time (66-90%); 5. Almost always (91-100%),,,ders_sf_5,,,,
INTRO,Baseline Measurements Survey,"When I’m upset, I acknowledge my emotions.  ",Single,1. Almost never (0-10%); 2. Sometimes (11-35%); 3. About half the time (36-65%); 4. Most of the time (66-90%); 5. Almost always (91-100%),,,ders_sf_6,,,,
INTRO,Baseline Measurements Survey,"When I’m upset, I become embarrassed for feeling that way. ",Single,1. Almost never (0-10%); 2. Sometimes (11-35%); 3. About half the time (36-65%); 4. Most of the time (66-90%); 5. Almost always (91-100%),,,ders_sf_7,,,,
INTRO,Baseline Measurements Survey,"When I’m upset, I have difficulty getting work done.",Single,1. Almost never (0-10%); 2. Sometimes (11-35%); 3. About half the time (36-65%); 4. Most of the time (66-90%); 5. Almost always (91-100%),,,ders_sf_8,,,,
INTRO,Baseline Measurements Survey,"When I’m upset, I become out of control. ",Single,1. Almost never (0-10%); 2. Sometimes (11-35%); 3. About half the time (36-65%); 4. Most of the time (66-90%); 5. Almost always (91-100%),,,ders_sf_9,,,,
INTRO,Baseline Measurements Survey,"When I'm upset, I believe that I'll end up feeling very depressed.  ",Single,1. Almost never (0-10%); 2. Sometimes (11-35%); 3. About half the time (36-65%); 4. Most of the time (66-90%); 5. Almost always (91-100%),,,ders_sf_10,,,,
INTRO,Baseline Measurements Survey,"When I'm upset, I have difficulty focusing on other things.  ",Single,1. Almost never (0-10%); 2. Sometimes (11-35%); 3. About half the time (36-65%); 4. Most of the time (66-90%); 5. Almost always (91-100%),,,ders_sf_11,,,,
INTRO,Baseline Measurements Survey,"When I'm upset, I feel guilty for feeling that way.  ",Single,1. Almost never (0-10%); 2. Sometimes (11-35%); 3. About half the time (36-65%); 4. Most of the time (66-90%); 5. Almost always (91-100%),,,ders_sf_12,,,,
INTRO,Baseline Measurements Survey,"When I'm upset, I have difficulty concentrating.  ",Single,1. Almost never (0-10%); 2. Sometimes (11-35%); 3. About half the time (36-65%); 4. Most of the time (66-90%); 5. Almost always (91-100%),,,ders_sf_13,,,,
INTRO,Baseline Measurements Survey,"When I'm upset, I have difficulty controlling my behaviors.  ",Single,1. Almost never (0-10%); 2. Sometimes (11-35%); 3. About half the time (36-65%); 4. Most of the time (66-90%); 5. Almost always (91-100%),,,ders_sf_14,,,,
INTRO,Baseline Measurements Survey,"When I'm upset, I believe there is nothing I can do to make myself feel better.",Single,1.Almost never (0-10%); 2.Sometimes (11-35%); 3.About half the time (36-65%); 4.Most of the time (66-90%); 5.Almost always (91-100%),,,ders_sf_15,,,,
INTRO,Baseline Measurements Survey,"When I'm upset, I become irritated with myself for feeling that way.",Single,1. Almost never (0-10%); 2. Sometimes (11-35%); 3. About half the time (36-65%); 4. Most of the time (66-90%); 5. Almost always (91-100%),,,ders_sf_16,,,,
INTRO,Baseline Measurements Survey,"When I'm upset, I lose control over my behaviors. ",Single,1. Almost never (0-10%); 2. Sometimes (11-35%); 3. About half the time (36-65%); 4. Most of the time (66-90%); 5. Almost always (91-100%),,,ders_sf_17,,,,
INTRO,Baseline Measurements Survey,"When I'm upset, it takes me a long time to feel better. ",Single,1. Almost never (0-10%); 2. Sometimes (11-35%); 3. About half the time (36-65%); 4. Most of the time (66-90%); 5. Almost always (91-100%),,,ders_sf_18,,,,
INTRO,Baseline Measurements Survey,Individuals also vary in which coping strategies they find require a lot of effort versus little effort to do. Read each statement below and ask yourself how much effort (mental or physical) each strategy typically requires.,,,,,,,,,
INTRO,Baseline Measurements Survey,Drinking alcohol,Slider,1. No effort at all; 7. A lot of effort,,,er_effort_1,,,,
INTRO,Baseline Measurements Survey,Using marijuana or other drugs,Slider,1. No effort at all; 7. A lot of effort,,,er_effort_2,,,,
INTRO,Baseline Measurements Survey,Eating food,Slider,1. No effort at all; 7. A lot of effort,,,er_effort_3,,,,
INTRO,Baseline Measurements Survey,TV/Internet/gaming,Slider,1. No effort at all; 7. A lot of effort,,,er_effort_4,,,,
INTRO,Baseline Measurements Survey,Sleeping,Slider,1. No effort at all; 7. A lot of effort,,,er_effort_5,,,,
INTRO,Baseline Measurements Survey,Seeking advice/comfort from others,Slider,1. No effort at all; 7. A lot of effort,,,er_effort_6,,,,
INTRO,Baseline Measurements Survey,Ignoring/avoiding certain people/situations,Slider,1. No effort at all; 7. A lot of effort,,,er_effort_7,,,,
INTRO,Baseline Measurements Survey,Hiding your thoughts/feelings from others,Slider,1. No effort at all; 7. A lot of effort,,,er_effort_8,,,,
INTRO,Baseline Measurements Survey,Doing something fun with others,Slider,1. No effort at all; 7. A lot of effort,,,er_effort_9,,,,
INTRO,Baseline Measurements Survey,Ruminating about something,Slider,1. No effort at all; 7. A lot of effort,,,er_effort_10,,,,
INTRO,Baseline Measurements Survey,Coming up with ideas/plans for action,Slider,1. No effort at all; 7. A lot of effort,,,er_effort_11,,,,
INTRO,Baseline Measurements Survey,Accepting your thoughts/feelings,Slider,1. No effort at all; 7. A lot of effort,,,er_effort_12,,,,
INTRO,Baseline Measurements Survey,Criticizing yourself,Slider,1. No effort at all; 7. A lot of effort,,,er_effort_13,,,,
INTRO,Baseline Measurements Survey,Thinking of the situation differently,Slider,1. No effort at all; 7. A lot of effort,,,er_effort_14,,,,
INTRO,Baseline Measurements Survey,Thinking about things that went/are going well,Slider,1. No effort at all; 7. A lot of effort,,,er_effort_15,,,,
INTRO,Baseline Measurements Survey,Pushing away bad thoughts,Slider,1. No effort at all; 7. A lot of effort,,,er_effort_16,,,,
INTRO,Baseline Measurements Survey,Tackling a problem head on,Slider,1. No effort at all; 7. A lot of effort,,,er_effort_17,,,,
INTRO,Baseline Measurements Survey,We are interested in how you feel about the following statements. Read each statement carefully. Indicate how you feel about each statement.,,,,,,,,,
INTRO,Baseline Measurements Survey,There is a special person who is around when I am in need.,Single,1. Very Strongly Disagree; 2. Strongly Disagree; 3. Mildly Disagree; 4. Neutral; 5. Mildly Agree; 6. Strongly Agree; 7. Very Strongly Agree,,,perceived_social_support_1,,,,
INTRO,Baseline Measurements Survey,There is a special person with whom I can share my joys and sorrows. ,Single,1. Almost never (0-10%); 2. Sometimes (11-35%); 3. About half the time (36-65%); 4. Most of the time (66-90%); 5. Almost always (91-100%),,,perceived_social_support_2,,,,
INTRO,Baseline Measurements Survey,My family really tries to help me.  ,Single,1. Very Strongly Disagree; 2. Strongly Disagree; 3. Mildly Disagree; 4. Neutral; 5. Mildly Agree; 6. Strongly Agree; 7. Very Strongly Agree,,,perceived_social_support_3,,,,
INTRO,Baseline Measurements Survey,I get the emotional help and support I need from my family. ,Single,1. Very Strongly Disagree; 2. Strongly Disagree; 3. Mildly Disagree; 4. Neutral; 5. Mildly Agree; 6. Strongly Agree; 7. Very Strongly Agree,,,perceived_social_support_4,,,,
INTRO,Baseline Measurements Survey,I have a special person who is a real source of comfort to me.,Single,1. Very Strongly Disagree; 2. Strongly Disagree; 3. Mildly Disagree; 4. Neutral; 5. Mildly Agree; 6. Strongly Agree; 7. Very Strongly Agree,,,perceived_social_support_5,,,,
INTRO,Baseline Measurements Survey,My friends really try to help me.  ,Single,1. Very Strongly Disagree; 2. Strongly Disagree; 3. Mildly Disagree; 4. Neutral; 5. Mildly Agree; 6. Strongly Agree; 7. Very Strongly Agree,,,perceived_social_support_6,,,,
INTRO,Baseline Measurements Survey,I can count on my friends when things go wrong.  ,Single,1. Very Strongly Disagree; 2. Strongly Disagree; 3. Mildly Disagree; 4. Neutral; 5. Mildly Agree; 6. Strongly Agree; 7. Very Strongly Agree,,,perceived_social_support_7,,,,
INTRO,Baseline Measurements Survey,I can talk about my problems with my family. ,Single,1. Very Strongly Disagree; 2. Strongly Disagree; 3. Mildly Disagree; 4. Neutral; 5. Mildly Agree; 6. Strongly Agree; 7. Very Strongly Agree,,,perceived_social_support_8,,,,
INTRO,Baseline Measurements Survey,I have friends with whom I can share my joys and sorrows.  ,Single,1. Very Strongly Disagree; 2. Strongly Disagree; 3. Mildly Disagree; 4. Neutral; 5. Mildly Agree; 6. Strongly Agree; 7. Very Strongly Agree,,,perceived_social_support_9,,,,
INTRO,Baseline Measurements Survey,There is a special person in my life who cares about my feelings. ,Single,1. Very Strongly Disagree; 2. Strongly Disagree; 3. Mildly Disagree; 4. Neutral; 5. Mildly Agree; 6. Strongly Agree; 7. Very Strongly Agree,,,perceived_social_support_10,,,,
INTRO,Baseline Measurements Survey,My family is willing to help me make decisions.  ,Single,1. Very Strongly Disagree; 2. Strongly Disagree; 3. Mildly Disagree; 4. Neutral; 5. Mildly Agree; 6. Strongly Agree; 7. Very Strongly Agree,,,perceived_social_support_11,,,,
INTRO,Baseline Measurements Survey,I can talk about my problems with my friends.,Single,1. Very Strongly Disagree; 2. Strongly Disagree; 3. Mildly Disagree; 4. Neutral; 5. Mildly Agree; 6. Strongly Agree; 7. Very Strongly Agree,,,perceived_social_support_12,,,,
INTRO,Baseline Measurements Survey,"Please read each statement carefully and decide how true that statement is for you in general.  Please respond to all items. In the rare case where you have never had the experience described, think about the most similar experience you’ve had and make your response. Don’t worry about being consistent in your responses. Choose from the following six response options.",,,,,,,,,
INTRO,Baseline Measurements Survey,I look forward to seeing people when I’m on my way to a party or get-together. ,Single,1. Very false for me; 2. Moderately false for me; 3. Slightly false for me; 4. Slightly true for me; 5. Moderately true for me; 6. Very true for me,,,acips_1,,,,
INTRO,Baseline Measurements Survey,I enjoy looking at photographs of my friends and family. ,Single,1. Very false for me; 2. Moderately false for me; 3. Slightly false for me; 4. Slightly true for me; 5. Moderately true for me; 6. Very true for me,,,acips_2,,,,
INTRO,Baseline Measurements Survey,I don’t really look forward to family get-togethers or gatherings. ,Single,6. Very false for me; 5. Moderately false for me; 4. Slightly false for me; 3. Slightly true for me; 2. Moderately true for me; 1. Very true for me,,,acips_3,,,,
INTRO,Baseline Measurements Survey,I enjoy joking and talking with a friend or coworker. ,Single,1. Very false for me; 2. Moderately false for me; 3. Slightly false for me; 4. Slightly true for me; 5. Moderately true for me; 6. Very true for me,,,acips_4,,,,
INTRO,Baseline Measurements Survey,A good meal always tastes better when you eat it with someone you feel close to. ,Single,1. Very false for me; 2. Moderately false for me; 3. Slightly false for me; 4. Slightly true for me; 5. Moderately true for me; 6. Very true for me,,,acips_5,,,,
INTRO,Baseline Measurements Survey,I like it when people call or text me to say hi. ,Single,1. Very false for me; 2. Moderately false for me; 3. Slightly false for me; 4. Slightly true for me; 5. Moderately true for me; 6. Very true for me,,,acips_6,,,,
INTRO,Baseline Measurements Survey,"When something good happens to me, I can’t wait to share the news with others. ",Single,1. Very false for me; 2. Moderately false for me; 3. Slightly false for me; 4. Slightly true for me; 5. Moderately true for me; 6. Very true for me,,,acips_7,,,,
INTRO,Baseline Measurements Survey,"If I learned of a group where the people shared similar interests as me, I would be interested in joining it. ",Single,1. Very false for me; 2. Moderately false for me; 3. Slightly false for me; 4. Slightly true for me; 5. Moderately true for me; 6. Very true for me,,,acips_8,,,,
INTRO,Baseline Measurements Survey,I enjoy watching films about friendships or relationships with my friends. ,Single,1. Very false for me; 2. Moderately false for me; 3. Slightly false for me; 4. Slightly true for me; 5. Moderately true for me; 6. Very true for me,,,acips_9,,,,
INTRO,Baseline Measurements Survey,I imagine how much fun it would be to go on vacation with a friend or someone I love.,Single,1. Very false for me; 2. Moderately false for me; 3. Slightly false for me; 4. Slightly true for me; 5. Moderately true for me; 6. Very true for me,,,acips_10,,,,
INTRO,Baseline Measurements Survey,I appreciate being invited to hang out with people I know after school or work.,Single,1. Very false for me; 2. Moderately false for me; 3. Slightly false for me; 4. Slightly true for me; 5. Moderately true for me; 6. Very true for me,,,acips_11,,,,
INTRO,Baseline Measurements Survey,I am pleased when I see a friend or someone I love who I haven’t seen for a while. ,Single,1. Very false for me; 2. Moderately false for me; 3. Slightly false for me; 4. Slightly true for me; 5. Moderately true for me; 6. Very true for me,,,acips_12,,,,
INTRO,Baseline Measurements Survey,I enjoy going on group activities like attending sports events or concerts with my friends. ,Single,1. Very false for me; 2. Moderately false for me; 3. Slightly false for me; 4. Slightly true for me; 5. Moderately true for me; 6. Very true for me,,,acips_13,,,,
INTRO,Baseline Measurements Survey,I look forward to watching my favorite TV shows with my friends.,Single,1. Very false for me; 2. Moderately false for me; 3. Slightly false for me; 4. Slightly true for me; 5. Moderately true for me; 6. Very true for me,,,acips_14,,,,
INTRO,Baseline Measurements Survey,I am excited when a friend that I haven’t seen in a while contacts me to make plans.,Single,1. Very false for me; 2. Moderately false for me; 3. Slightly false for me; 4. Slightly true for me; 5. Moderately true for me; 6. Very true for me,,,acips_15,,,,
INTRO,Baseline Measurements Survey,I like talking with others while waiting in line. ,Single,1. Very false for me; 2. Moderately false for me; 3. Slightly false for me; 4. Slightly true for me; 5. Moderately true for me; 6. Very true for me,,,acips_16,,,,
INTRO,Baseline Measurements Survey,I enjoy it when a friend and I can discuss important things. ,Single,1. Very false for me; 2. Moderately false for me; 3. Slightly false for me; 4. Slightly true for me; 5. Moderately true for me; 6. Very true for me,,,acips_17,,,,
INTRO,Baseline Measurements Survey,"Have you ever used a digital tool(app, website, etc.) to track your behaviors, habits, or time spent on activities like schoolwork or screentime?",Single,"Yes, and I liked it/used it often; Yes, and I did not like it/stopped using it; No, but I'm interested; No, and I'm not interested",,,digital_intervention_1,,,,
INTRO,Baseline Measurements Survey,"Have you ever used a digital tool (app, website, etc.) to track your physical health, such as sleep, physical activity, or diet?",Single,"Yes, and I liked it/used it often; Yes, and I did not like it/stopped using it; No, but I'm interested; No, and I'm not interested",,,digital_intervention_2,,,,
INTRO,Baseline Measurements Survey,"Have you ever used a digital tool (app, website, etc.) to track your mental health, such as mood, stress, or coping strategies?  ",Single,"Yes, and I liked it/used it often; Yes, and I did not like it/stopped using it; No, but I'm interested; No, and I'm not interested",,,digital_intervention_3,,,,
INTRO,Baseline Measurements Survey,"Have you ever used a digital tool (app, website, etc.) as a treatment for your mental health, such as practicing mindfulness/meditation, learning new skills, or a virtual therapist (AI or human)?",Single,"Yes, and I liked it/used it often; Yes, and I did not like it/stopped using it; No, but I'm interested; No, and I'm not interested",,,digital_intervention_4,,,,
INTRO,Baseline Measurements Survey,How successful do you think this treatment will be in reducing your symptoms?,Single,1. Not at all; 2. Slightly; 3. Somewhat; 4. Mostly; 5. Very; 99. ^Prefer not to answer,,,digital_intervention_5,,,,
INTRO,Baseline Measurements Survey,How logical does the program seem?,Single,1. Not at all; 2. Slightly; 3. Somewhat; 4. Mostly; 5. Very; 99. ^Prefer not to answer,,,digital_intervention_6,,,,
INTRO,Baseline Measurements Survey,How confident would you be in recommending this treatment to a friend with similar anxiety difficulties?,Single,1. Not at all; 2. Slightly; 3. Somewhat; 4. Mostly; 5. Very; 99. ^Prefer not to answer,,,digital_intervention_7,,,,
INTRO,Baseline Measurements Survey,"The kind of person someone is, is something very basic about them and it can’t be changed very much. ",Single,1. Strongly Agree; 2. Agree; 3. Mostly Agree; 4. Mostly Disagree; 5. Disagree; 6. Strongly Disagree,,,kind_of_person_1,,,,
INTRO,Baseline Measurements Survey,"People can do things differently, but the important parts of who they are can’t really be changed. ",Single,1. Strongly Agree; 2. Agree; 3. Mostly Agree; 4. Mostly Disagree; 5. Disagree; 6. Strongly Disagree,,,kind_of_person_2,,,,
INTRO,Baseline Measurements Survey,"Everyone, no matter who they are, can significantly change their basic characteristics. ",Single,1. Strongly Agree; 2. Agree; 3. Mostly Agree; 4. Mostly Disagree; 5. Disagree; 6. Strongly Disagree,,,kind_of_person_3,,,,
INTRO,Baseline Measurements Survey,"As much as I hate to admit it, you can’t teach an old dog new tricks. People can’t really change their deepest attributes. ",Single,1. Strongly Agree; 2. Agree; 3. Mostly Agree; 4. Mostly Disagree; 5. Disagree; 6. Strongly Disagree,,,kind_of_person_4,,,,
INTRO,Baseline Measurements Survey,People can always substantially change the kind of person they are. ,Single,1. Strongly Agree; 2. Agree; 3. Mostly Agree; 4. Mostly Disagree; 5. Disagree; 6. Strongly Disagree,,,kind_of_person_5,,,,
INTRO,Baseline Measurements Survey,"Everyone is a certain kind of person, and there is not much that can be done to really change that. ",Single,1. Strongly Agree; 2. Agree; 3. Mostly Agree; 4. Mostly Disagree; 5. Disagree; 6. Strongly Disagree,,,kind_of_person_6,,,,
INTRO,Baseline Measurements Survey,"No matter what kind of person someone is, they can always change very much. ",Single,1. Strongly Agree; 2. Agree; 3. Mostly Agree; 4. Mostly Disagree; 5. Disagree; 6. Strongly Disagree,,,kind_of_person_7,,,,
INTRO,Baseline Measurements Survey,All people can change even their most basic qualities. ,Single,1. Strongly Agree; 2. Agree; 3. Mostly Agree; 4. Mostly Disagree; 5. Disagree; 6. Strongly Disagree,,,kind_of_person_8,,,,
INTRO,Baseline Measurements Survey,"Overall, my anxiety has very little to do with how I feel about myself.",Single,7. Strongly disagree; 6. Somewhat disagree; 5. Slightly disagree; 4. Neither agree nor disagree; 3. Slightly agree; 2. Somewhat agree; 1. Strongly agree,,,identity_centrality_1,,,,
INTRO,Baseline Measurements Survey,My anxiety is an important reflection of who I am. ,Single,1. Strongly disagree; 2. Somewhat disagree; 3. Slightly disagree; 4. Neither agree nor disagree; 5. Slightly agree; 6. Somewhat agree; 7. Strongly agree,,,identity_centrality_2,,,,
INTRO,Baseline Measurements Survey,My anxiety is unimportant to my sense of what kind of a person I am. ,Single,7. Strongly disagree; 6. Somewhat disagree; 5. Slightly disagree; 4. Neither agree nor disagree; 3. Slightly agree; 2. Somewhat agree; 1. Strongly agree,,,identity_centrality_3,,,,
INTRO,Baseline Measurements Survey,"In general, my anxiety is an important part of my self-image. ",Single,1. Strongly disagree; 2. Somewhat disagree; 3. Slightly disagree; 4. Neither agree nor disagree; 5. Slightly agree; 6. Somewhat agree; 7. Strongly agree,,,identity_centrality_4,,,,
INTRO,Your First Session,"In this exercise, please think of an UPCOMING situation that you expect will make you feel anxious, worried, or scared.\n\nPick a situation that you worry might go badly, or that you expect will evoke symptoms related to anxiety (e.g., racing heart, sweating). Any situation that will make you feel quite anxious or scared will work, as long as it is a situation that is likely to actually happen.",,,,,,,,,
INTRO,Your First Session,Please describe the situation in a few words:,Entry,,,,entry_anxious_imagery,,,,
INTRO,Your First Session,"Please imagine the situation as vividly as possible (i.e., so that it feels very real). Try to imagine you are actually in the situation. Play out the specific parts of the situation in your head. Try to imagine using all your senses.",,,,,,,4,,Never
INTRO,Your First Session,"Please imagine the situation as vividly as possible (i.e., so that it feels very real). Try to imagine you are actually in the situation. Play out the specific parts of the situation in your head. Try to imagine using all your senses.\n\nWhat do you see?",,,,,,,4,,Never
INTRO,Your First Session,"Please imagine the situation as vividly as possible (i.e., so that it feels very real). Try to imagine you are actually in the situation. Play out the specific parts of the situation in your head. Try to imagine using all your senses.\n\nWhat do you see?\nWhat do you hear?",,,,,,,4,,Never
INTRO,Your First Session,"Please imagine the situation as vividly as possible (i.e., so that it feels very real). Try to imagine you are actually in the situation. Play out the specific parts of the situation in your head. Try to imagine using all your senses.\n\nWhat do you see?\nWhat do you hear?\nWhat do you smell?",,,,,,,4,,Never
INTRO,Your First Session,"Please imagine the situation as vividly as possible (i.e., so that it feels very real). Try to imagine you are actually in the situation. Play out the specific parts of the situation in your head. Try to imagine using all your senses.\n\nWhat do you see?\nWhat do you hear?\nWhat do you smell?\nWhat are you thinking about?",,,,,,,4,,Never
INTRO,Your First Session,"Please imagine the situation as vividly as possible (i.e., so that it feels very real). Try to imagine you are actually in the situation. Play out the specific parts of the situation in your head. Try to imagine using all your senses.\n\nWhat do you see?\nWhat do you hear?\nWhat do you smell?\nWhat are you thinking about?\nHow does the situation make you feel?",,,,,,,4,,AfterTimeout
INTRO,Your First Session,"MindTrails is designed to help you change the way you think about common but potentially stressful situations in order to reduce anxiety and stress. \n\nWhen you complete sessions in the app, you will be asked to read brief stories about situations that often produce anxiety and fill in missing letters to complete words, fill in entire words, or come up with new stories that are personally relevant to you. \n\nTo help familiarize you with the program and help you get the most out of this experience, we would like you complete a few short exercises and watch some brief videos explaining how MindTrails works. You will also be presented with three example stories so that you can begin to get the hang of the training. \n\nClick next to get started",,,,,,,,,
INTRO,Practice CBM-I,,,PRACTICE DOSE 1 SCENARIOS: https://docs.google.com/spreadsheets/d/1E6jJdM26pwCA0PxGpW1EwuyTDfwLA-Y6Tscb2gs9q5E/edit?gid=0#gid=0,,,,,,,
INTRO,Outro,"Great job! We hope that this brief training helped clarify the purpose of these short stories and what you might be able to get out of MindTrails. Moving forward, you’ll be able to choose areas of life that are causing the most stress so that the stories you read will be more relevant to you. During future sessions, you will also receive tips that are designed to help you manage your emotions, connect with resources at UVA, and apply what you learn from the short stories to your own life.",,,,,,,,,
INTRO,Outro,"For the next 2 weeks, you will receive notifications prompting you to open the app to complete activities and surveys. We hope that you will use the app 4 times daily, but we understand that life can get in the way and that you may need to skip some sessions. That’s okay, but just remember that the program only lasts for 2 weeks. You will also be able to access the contents of the app (activities, resources, etc.) at any time by visiting the on-demand library from the homepage.",,,,,,,,,
,,,,,,,,,,,
EMA_PRE,,"Right now, I am feeling….",Slider,1. Very bad/negative; 7. Very good/positive,preaffect,,preaffect,,,,
EMA_PRE,,"Right now, I feel….",Slider,1. Not at all anxious; 7. Very anxious,preanxious,,preanxious,,,,
EMA_PRE,,How would you describe your current social context?,Single,"0. Alone - not around any other people; 1. Around other people that I am not actively interacting with (e.g., eating lunch in a crowded cafeteria but sitting alone); 2. Around other people that I am actively interacting with (e.g., studying with a group of friends)",socialcontext,,socialcontext,,,,
EMA_PRE,,Are you interested in doing a short exercise on your phone to help reduce feelings of anxiety or tolerate stress that you may feel now or in the future?,Single,0. Interested; 1. Not interested,interest,,interest,,,,
EMA_PRE,,Why don’t you want to do something to help manage your anxiety right now?,Multi,0. Limited time/busy; 1. Don’t want to change my feelings; 2. Not likely to help; 3. Not sure what to do; 4. !Other,reason_not,interest = 1,reason_not,,,,
EMA_PRE,,Let’s reschedule this session to another time - when is a good time later today for you to work on managing stress?,Scheduler,0,reschedule_time,interest = 1,reschedule_time,,,we are then hoping they can get a prompt/notification for a session at this new time,
EMA_PRE,,"In this exercise, please think of an UPCOMING situation that you expect will make you feel anxious, worried, or scared. Pick a situation that you worry might go badly, or that you expect will evoke symptoms related to anxiety (e.g., racing heart, sweating). Any situation that will make you feel quite anxious or scared will work, as long as it is a situation that is likely to actually happen.",,,,interest = 0 & preanxious < 3,,,,"AKA, if they are doing a session but aren't feeling bad/anxious",
EMA_PRE,,Please describe the situation in a few words:,Entry,,,interest = 0 & preanxious < 3,entry_anxious_imagery,,,,
EMA_PRE,,"Please imagine the situation as vividly as possible (i.e., so that it feels very real). Try to imagine you are actually in the situation. Play out the specific parts of the situation in your head. Try to imagine using all your senses while you think about this situation. Think about the things you would see, hear, and smell if you were really in that situation. Think about the kinds of things you would think or feel if you were actually there.",,,,interest = 0 & preanxious < 3,,,,,
EMA_PRE,,Play this situation in your head for the next 20 seconds. \n\nThe screen will change in 20 seconds. ,,,,interest = 0 & preanxious < 3,,,20,,
EMA_PRE,,How anxious did you feel (at the highest level of anxiety) as you completed the imagery task? Press on the bar to see the slider.,Slider,0. Absolutely no anxiety; 10. Totally anxious; 99. Prefer not to answer,,interest = 0 & preanxious < 3,imagery_anxiety,,,,
EMA_PRE,,How vividly did you imagine the situation?,Single,0. Not at all vivid; 1. Somewhat vivid; 2. Moderately vivid; 3. Very vivid; 4. Totally vivid; 5. Prefer not to answer,,interest = 0 & preanxious < 3,imagery_vivid,,,,
EMA_PRE,,How likely is it that the situation or task will turn out well versus turn out badly?,Single,0. Very likely to turn out well; 1. Somewhat likely to turn out well; 2. Neutral; 3. Somewhat likely to turn out badly; 4. Very likely to turn out badly; 5. Prefer not to answer,,interest = 0 & preanxious < 3,imagery_well,,,,
EMA_PRE,,"If this situation did turn out badly, how well or badly would you be able to handle it?",Single,0. Very well; 1. Somewhat well; 2. Neutral; 3. Somewhat badly; 4. Very badly; 5. Prefer not to answer,,interest = 0 & preanxious < 3,imagery_handling,,,,
THIS IS WHERE THERE MIGHT BE A MINI INTERVENTION WHICH IS THE INT STUFF BELOW (INT 1/2) ,,,,,,,,,,,
EMA_MID,,"Right now, I feel….",Slider,1. Not at all anxious; 7. Very anxious,midanxious,,midanxious,,,,
THIS IS WHERE THEY WILL THEN RECEIVE THE SCENARIOS BASED ON THE DOMAIN CHOSEN ABOVE!,,,,,,,,,,,
THIS IS WHERE THERE MIGHT BE A MINI INTERVENTION WHICH IS THE INT STUFF BELOW (INT 3) ,,,,,,,,,,,
EMA_POST,,"Right now, I am feeling….",Slider,1. Very bad/negative; 7. Very good/positive,postaffect,,postaffect,,,,
EMA_POST,,"Right now, I feel….",Slider,1. Not at all anxious; 7. Very anxious,postanxious,,postanxious,,,,
EMA_POST,,The program helped me think about a stressful or upsetting situation in a new or different way.,Slider,1.  Not at all true; 7. Very true,thinkdifferent,,thinkdifferent,,,,
EMA_POST,,"With the program, I am able to manage my current feelings...",Slider,1. Not at all effectively; 7. Very effectively,managefeelings,,managefeelings,,,,
EMA_POST,,Thanks and great job - we’ll see you next time!,,,end,,,,,,
EOD,,"Overall, today I felt…",Slider,1. Very bad/negative; 7. Very good/positive,eodaffect,,eodaffect,,,,
EOD,,"Overall, today I felt…",Slider,1. Not at all anxious; 7. Very anxious,eodanxious,,eodanxious,,,,
EOD,,"Regardless of how often or intensely you experienced anxiety today, to what extent is your anxiety a central part of who you are currently?",Venn,,anxidentity,,anxidentity,,,See image ,
EOD,,I was able to think about stressful or upsetting situations in a new or different way today. ,Slider,1. Not at all true; 7. Very true,eodthinkdifferent,,eodthinkdifferent,,,,
EOD,,I was able to manage my emotions today.,Slider,1. Not at all effectively; 7. Very effectively,eodmanagefeelings,,eodmanagefeelings,,,,
EOD,,"You are encouraged to complete 4 short surveys tomorrow, 2 of which can be at a pre-scheduled time. Thinking ahead to your day tomorrow, are there specific times you would like to receive a notification to complete a ~5 minute program to help manage a stressful or upsetting situation?",Scheduler,2,scheduled,,scheduled,,,"we are then hoping they can get a prompt/notification for a sessions at these times tomorrow, plus 2 random for a total of 4 each day",
,,,,,,,,,,,
INT_1,,"This quick and easy exercise can be very helpful during periods of anxiety by helping to ground you in the present. The key is to focus on your physical senses instead of your racing thoughts. Before starting this exercise, pay attention to your breathing and try to take slow, calm breaths.",,,mindful_grounding,interest = 0 & socialcontext in 0 1 & preanxious > 2,mindful_grounding,,,,
INT_1,,"Notice FIVE things you see around you. It could be a pen, a spot on the ceiling, anything in your surroundings.\n\nNotice FOUR things you can touch around you. It could be your hair, a pillow, or the ground under your feet.\n\nNotice THREE things you hear. This could be any external sound. Focus on things you can hear outside of your body.\n\nNotice TWO things you can smell. Maybe you are in your office and smell pencil, or maybe you are in your bedroom and smell a pillow.\n\nNotice ONE thing you can taste. What does the inside of your mouth taste like—gum, coffee, or the sandwich from lunch?",,,mindful_grounding,interest = 0 & socialcontext in 0 1 & preanxious > 2,mindful_grounding,,,,
INT_1,,"With anxiety, your thoughts may feel ""sticky"", like you can't let go of them. However, you can practice observing your thoughts without becoming tangled in them. This exercise will help you let your thoughts naturally come and go, without needing to cling to them.",,,mindful_diffusion,interest = 0 & socialcontext in 0 1 & preanxious > 2,mindful_diffusion,,,,
INT_1,,"First, take a very slow breath in and out. \n\nThen, bring to mind a difficult thought you’ve been having. Imagine placing that thought on a leaf, and watch the leaf gently float down a stream.\n\nYou don’t have to push it away or hold onto it.\n\nJust notice the thought, notice the leaf, and let it drift by at its own pace.\n\nIf the thought comes back, place it on another leaf and watch again.\n\nYour job isn’t to change the thought—just to observe it and let it pass.",,,mindful_diffusion,interest = 0 & socialcontext in 0 1 & preanxious > 2,mindful_diffusion,,,,
INT_1,,"Sometimes our minds make up stories or jump to conclusions, especially when we’re experiencing negative emotions like worry or sadness. These thoughts can feel true, but they’re not facts. Giving a thought a name helps you step back and see it as it is.",,,mindful_thoughtex,interest = 0 & socialcontext in 0 1 & preanxious > 2,mindful_thoughtex,,,,
INT_1,,"It's important to remember that your thoughts are not the same as facts, and you get to decide if the thought is helpful or if it is unkind and exaggerated.\n\nBring to mind a difficult thought you’ve been having. Give your thought a title and use this to gain some distance from the thought - e.g. “ah, my mind is telling me the ‘I’m not good enough’ story”. ",,,mindful_thoughtex,interest = 0 & socialcontext in 0 1 & preanxious > 2,mindful_thoughtex,,,,
INT_1,,"Sometimes when we are experiencing an intense emotion, simply naming what we are feeling can be helpful. ",,,mindful_afflab,interest = 0 & socialcontext in 0 1 & preanxious > 2,mindful_afflab,,,,
INT_1,,"Take a moment to name the emotions you are feeling. Is it just anxiety, or another emotion as well, like sadness or anger? And does the anxiety feel general and focused on the future, like apprehension, or does it feel extreme and like the threat is happening now, like panic? Describing emotions can help them feel less overwhelming. ",,,mindful_afflab,interest = 0 & socialcontext in 0 1 & preanxious > 2,mindful_afflab,,,,
INT_1,,"Often, when we feel anxious, our mind is telling us that the worst case scenario will happen. ",,,distortion_lab,interest = 0 & socialcontext in 0 1 & preanxious > 2,distortion_lab,,,,
INT_1,,"Take a moment to consider whether your anxious thoughts are helpful or accurate right now? Or, are you automatically assuming the worst will happen? Think about what information is guiding your thoughts, and whether you think it's actually meaningful evidence.",,,distortion_lab,interest = 0 & socialcontext in 0 1 & preanxious > 2,distortion_lab,,,,
INT_1,,"Anxiety can feel intense at times. By completing this session, you are taking an important step towards learning how to manage your anxiety effectively!",,,cheerleading,interest = 0 & socialcontext in 0 1 & preanxious > 2,cheerleading,,,,
INT_1,,"Anxiety can feel overwhelming, but it’s important to remember that it does not last forever. It may sound odd, but accepting that you're anxious (instead of getting anxious about being anxious!) can actually help reduce the intensity of the anxiety.",,,emo_accept,interest = 0 & socialcontext in 0 1 & preanxious > 2,emo_accept,,,,
INT_1,,"Instead of trying to push the anxiety away, just notice where you are feeling the anxiety in your body and the anxious thoughts passing through your mind. Be patient, and remind yourself that eventually this feeling will pass. ",,,emo_accept,interest = 0 & socialcontext in 0 1 & preanxious > 2,emo_accept,,,,
,,,,,,,,,,,
INT_1,,"Anxiety can feel overwhelming at times, but stopping to take a slow breath can help lower the body’s anxiety response. It can also make it easier to feel grounded and focused.",,,relax_diaphbreath,interest = 0 & socialcontext in 0 1 2 & preanxious > 2,relax_diaphbreath,,,,
INT_1,,"Take a moment to place one hand on your belly and breathe in slowly through your nose, letting your stomach inflate like a balloon. Exhale gently through your mouth and feel your shoulders drop. Repeat this a few times to help your body settle.",,,relax_diaphbreath,interest = 0 & socialcontext in 0 1 2 & preanxious > 2,relax_diaphbreath,,,,
INT_1,,"Anxiety can make the body feel tense and on edge, but pausing to relax your muscles can help reduce your anxiety.",,,relax_muscle,interest = 0 & socialcontext in 0 1 2 & preanxious > 2,relax_muscle,,,,
INT_1,,"Choose one muscle group, such as your shoulders, hands, or jaw, and gently tense it for a few seconds. Then release the tension fully and notice the difference as the muscles soften and relax. Move through a few muscle areas like this to help your body unwind.",,,relax_muscle,interest = 0 & socialcontext in 0 1 2 & preanxious > 2,relax_muscle,,,,
INT_1,,"""Box breathing"" is a breathing technique that can give your mind a clear pattern to follow, making it easier to feel steady, grounded, and in control.",,,relax_boxbreath,interest = 0 & socialcontext in 0 1 2 & preanxious > 2,relax_boxbreath,,,,
INT_1,,"Breathe in through your nose for a count of four, hold for four, exhale for four, and pause again for four. Picture each side of a square as you move through the cycle. Repeat a few times to help steady your mind and body.",,,relax_boxbreath,interest = 0 & socialcontext in 0 1 2 & preanxious > 2,relax_boxbreath,,,,
INT_1,,"Shifting your focus to a calming mental image can help quiet your anxiety. Guided imagery gives your mind a peaceful place to rest, making it easier to feel grounded and at ease.",,,guided_imagery,interest = 0 & socialcontext in 0 1 2 & preanxious > 2,guided_imagery,,,,
INT_1,,"Picture a place where you feel completely at ease—maybe a quiet forest, a warm room, or a stretch of beach. Notice the colors, sounds, and sensations around you as if you’re really there. Close your eyes and let your breath settle as you sink into that scene for a moment.",,,guided_imagery,interest = 0 & socialcontext in 0 1 2 & preanxious > 2,guided_imagery,,,,
INT_1,,,,,skip,interest = 0 & socialcontext in 0 1 2 & preanxious > 2,skip,,,Rank 12,
INT_1,,"Take a moment to think of someone who helps you feel supported, and send them a quick message or check-in. Even a brief connection can remind you that you’re not alone and help ease anxiety. Try to disconnect these messages from your worries. Examples could be:\n\n“Hi! Just wanted to say I was thinking of you and hope you’re having a good day.”\n\n“Random check-in — no need to reply right away 😊”\n\n“I’m taking a moment to reach out to people I appreciate. You’re one of them.”",,,text_checkin,interest = 0 & socialcontext in 0 1 2 & preanxious > 2,text_checkin,,,,
INT_1,,Anxiety can get in the way of seeing our way out of a tricky situation. It can be helpful sometimes to view ourselves from a different perspective. ,,,give_advice,interest = 0 & socialcontext in 0 1 2 & preanxious > 2,give_advice,,,,
INT_1,,"Think of something that is currently distressing for you. Imagine someone else is in the same situation you’re facing right now and feeling the same worries you are. For a moment, step into the role of a kind, supportive friend or coach.\n\nWhat would you say to help them cope or take a small step forward? How does it feel to be on the other side?\n\nNotice how this perspective can bring more balance, compassion, and flexibility than the negative thoughts we often have about ourselves.",,,give_advice,interest = 0 & socialcontext in 0 1 2 & preanxious > 2,give_advice,,,,
INT_1,,"Anxiety often pushes us to avoid what feels uncomfortable, but facing it can help your anxiety decrease over time. It can be helpful to learn that the discomfort of anxiety is manageable and temporary.",,,plan_exposure_1,interest = 0 & socialcontext in 0 1 2 & preanxious > 2,plan_exposure_1,,,,
INT_1,,"Bring to mind a current or upcoming social situation that’s causing anxiety. Identify one specific action you would normally avoid in that situation.\n\nIf you are in a social situation, do that action. If you are alone, imagine yourself doing that action and staying in the situation without escaping or doing something to avoid the hard parts. Notice the anxiety that shows up.\n\nSit with the discomfort long enough to observe what happens. Notice that anxiety changes over time and that you can do things even while feeling anxious.",,,plan_exposure_1,interest = 0 & socialcontext in 0 1 2 & preanxious > 2,plan_exposure_1,,,,
INT_1,,"When anxiety is high, it’s easy to put enjoyable things on hold. Choosing a small, pleasant activity can help lift your mood and build confidence over time.",,,schedule_fun,interest = 0 & socialcontext in 0 1 2 & preanxious > 2,schedule_fun,,,,
INT_1,,"Pick one activity you might enjoy — keep it low-pressure. It can be something you do alone or with others. Take a moment to schedule it so it's more likely to happen.\n\nThe goal isn’t to feel anxiety-free, but to make room for enjoyment even if some anxiety shows up.",,,schedule_fun,interest = 0 & socialcontext in 0 1 2 & preanxious > 2,schedule_fun,,,,
INT_1,,Social anxiety often fills in the blanks with worst-case assumptions. This exercise helps you slow down and separate facts from guesses.,,,check_facts,interest = 0 & socialcontext in 0 1 2 & preanxious > 2,check_facts,,,,
INT_1,,Bring to mind a social situation that’s causing anxiety. Think about what you’re worried about.\n\nNow ask yourself: What do I actually know for sure? What am I assuming or predicting?\n\nGently replace guesses with the facts you have. Notice how anxiety shifts when you base your thoughts on evidence rather than fear.,,,check_facts,interest = 0 & socialcontext in 0 1 2 & preanxious > 2,check_facts,,,,
,,GIVE CBM AFTER!,,,,After any from list INT_1,,,,,
INT_2,,"Anxiety can feel overwhelming at times, but stopping to take a slow breath can help lower the body’s anxiety response. It can also make it easier to feel grounded and focused.",,,relax_diaphbreath_social,interest = 0 & socialcontext in 0 1 2 & preanxious > 2,relax_diaphbreath,,,,
INT_2,,"Take a moment to place one hand on your belly and breathe in slowly through your nose, letting your stomach inflate like a balloon. Exhale gently through your mouth and feel your shoulders drop. Repeat this a few times to help your body settle.",,,relax_diaphbreath_social,interest = 0 & socialcontext in 0 1 2 & preanxious > 2,relax_diaphbreath,,,,
INT_2,,"Anxiety can make the body feel tense and on edge, but pausing to relax your muscles can help reduce your anxiety.",,,relax_muscle_social,interest = 0 & socialcontext in 0 1 2 & preanxious > 2,relax_muscle,,,,
INT_2,,"Choose one muscle group, such as your shoulders, hands, or jaw, and gently tense it for a few seconds. Then release the tension fully and notice the difference as the muscles soften and relax. Move through a few muscle areas like this to help your body unwind.",,,relax_muscle_social,interest = 0 & socialcontext in 0 1 2 & preanxious > 2,relax_muscle,,,,
INT_2,,"""Box breathing"" is a breathing technique that can give your mind a clear pattern to follow, making it easier to feel steady, grounded, and in control.",,,relax_boxbreath_social,interest = 0 & socialcontext in 0 1 2 & preanxious > 2,relax_boxbreath,,,,
INT_2,,"Breathe in through your nose for a count of four, hold for four, exhale for four, and pause again for four. Picture each side of a square as you move through the cycle. Repeat a few times to help steady your mind and body.",,,relax_boxbreath_social,interest = 0 & socialcontext in 0 1 2 & preanxious > 2,relax_boxbreath,,,,
INT_2,,"Shifting your focus to a calming mental image can help quiet your anxiety. Guided imagery gives your mind a peaceful place to rest, making it easier to feel grounded and at ease.",,,guided_imagery_social,interest = 0 & socialcontext in 0 1 2 & preanxious > 2,guided_imagery,,,,
INT_2,,"Picture a place where you feel completely at ease—maybe a quiet forest, a warm room, or a stretch of beach. Notice the colors, sounds, and sensations around you as if you’re really there. Close your eyes and let your breath settle as you sink into that scene for a moment.",,,guided_imagery_social,interest = 0 & socialcontext in 0 1 2 & preanxious > 2,guided_imagery,,,,
INT_2,,,,,skip_social,interest = 0 & socialcontext in 0 1 2 & preanxious > 2,skip,,,,
INT_2,,"Take a moment to think of someone who helps you feel supported, and send them a quick message or check-in. Even a brief connection can remind you that you’re not alone and help ease anxiety. Try to disconnect these messages from your worries. Examples could be: \n\n“Hi! Just wanted to say I was thinking of you and hope you’re having a good day.”\n\n“Random check-in — no need to reply right away 😊”\n\n“I’m taking a moment to reach out to people I appreciate. You’re one of them.”",,,text_checkin_social,interest = 0 & socialcontext in 0 1 2 & preanxious > 2,text_checkin,,,,
INT_2,,Anxiety can get in the way of seeing our way out of a tricky situation. It can be helpful sometimes to view ourselves from a different perspective. ,,,give_advice_social,interest = 0 & socialcontext in 0 1 2 & preanxious > 2,give_advice,,,,
INT_2,,"Think of something that is currently distressing for you. Imagine someone else is in the same situation you’re facing right now and feeling the same worries you are. For a moment, step into the role of a kind, supportive friend or coach.\n\nWhat would you say to help them cope or take a small step forward? How does it feel to be on the other side?\n\nNotice how this perspective can bring more balance, compassion, and flexibility than the negative thoughts we often have about ourselves.",,,give_advice_social,interest = 0 & socialcontext in 0 1 2 & preanxious > 2,give_advice,,,,
INT_2,,"Anxiety often pushes us to avoid what feels uncomfortable, but facing it can help your anxiety decrease over time. It can be helpful to learn that the discomfort of anxiety is manageable and temporary.",,,plan_exposure_1_social,interest = 0 & socialcontext in 0 1 2 & preanxious > 2,plan_exposure_1,,,,
INT_2,,"Bring to mind a current or upcoming social situation that’s causing anxiety. Identify one specific action you would normally avoid in that situation.\n\nIf you are in a social situation, do that action. If you are alone, imagine yourself doing that action and staying in the situation without escaping or doing something to avoid the hard parts. Notice the anxiety that shows up.\n\nSit with the discomfort long enough to observe what happens. Notice that anxiety changes over time and that you can do things even while feeling anxious.",,,plan_exposure_1_social,interest = 0 & socialcontext in 0 1 2 & preanxious > 2,plan_exposure_1,,,,
INT_2,,"When anxiety is high, it’s easy to put enjoyable things on hold. Choosing a small, pleasant activity can help lift your mood and build confidence over time.",,,schedule_fun_social,interest = 0 & socialcontext in 0 1 2 & preanxious > 2,schedule_fun,,,,
INT_2,,"Pick one activity you might enjoy — keep it low-pressure. It can be something you do alone or with others. Take a moment to schedule it so it's more likely to happen.\n\nThe goal isn’t to feel anxiety-free, but to make room for enjoyment even if some anxiety shows up.",,,schedule_fun_social,interest = 0 & socialcontext in 0 1 2 & preanxious > 2,schedule_fun,,,,
INT_2,,Social anxiety often fills in the blanks with worst-case assumptions. This exercise helps you slow down and separate facts from guesses.,,,check_facts_social,interest = 0 & socialcontext in 0 1 2 & preanxious > 2,check_facts,,,,
INT_2,,Bring to mind a social situation that’s causing anxiety. Think about what you’re worried about.\n\nNow ask yourself: What do I actually know for sure? What am I assuming or predicting?\n\nGently replace guesses with the facts you have. Notice how anxiety shifts when you base your thoughts on evidence rather than fear.,,,check_facts_social,interest = 0 & socialcontext in 0 1 2 & preanxious > 2,check_facts,,,,
GIVE CBM AFTER INT_2,,,,,,After any from list INT_2        ,,,,,
GIVE CBM BEFORE INT_3,,,,,,interest = 0 & socialcontext = 1 & preanxious > 2,,,,,
INT_3,,You're doing a great job changing your negative thinking patterns. Now you're ready to use those skills to help you take on new challenges!,,,plan_exposure_2,interest = 0 & socialcontext = 1 & preanxious < 3 & AFTER CBM,plan_exposure_2,,,,
INT_3,,"Challenge yourself! Try to talk to someone around you. It could be a stranger, friend, coworker, sales clerk... Say hi or ask a question, and see how the conversation goes.",,,plan_exposure_2,interest = 0 & socialcontext = 1 & preanxious < 3 & AFTER CBM,plan_exposure_2,,,,
INT_3,,"Instead of assuming the worst, you've been practicing looking at situations in new ways. Now you can try acting in new ways too. ",,,plan_exposure_3,interest = 0 & socialcontext = 1 & preanxious < 3 & AFTER CBM,plan_exposure_3,,,,
INT_3,,"Is there something you've been avoiding or too afraid to say, even though you think it would help you feel better in the long run? Try doing one hard thing now.",,,plan_exposure_4,interest = 0 & socialcontext = 1 & preanxious < 3 & AFTER CBM,plan_exposure_4,,,,
INT_3,,Nice job trying to think about the endings of the stories you read in different ways. Now take a moment to reflect on some goals you have. ,,,goal,interest = 0 & socialcontext = 1 & preanxious < 3 & AFTER CBM,goal,,,,
INT_3,,"How can you use what you learned from the stories to meet one of your goals? Pick one small step to help you meet your goal. Decide when and how you're going to take that step. If you can't do it right now, then write down your plan & schedule a time to do it.",,,goal,interest = 0 & socialcontext = 1 & preanxious < 3 & AFTER CBM,goal,,,,
INT_3,,"It can be easy to focus on the negatives – now that you've got practice challenging negative thinking, take a moment to reflect on something you did that went well recently.",,,balanced_reflection,interest = 0 & socialcontext = 1 & preanxious < 3 & AFTER CBM,balanced_reflection,,,,
INT_3,,"Picture a situation where you accomplished something, and ask yourself these four questions: what went well, what didn't go well, what would you do again, and what would you change?",,,balanced_reflection,interest = 0 & socialcontext = 1 & preanxious < 3 & AFTER CBM,balanced_reflection,,,,
INT_3,,It can be hard sometimes to make choices that align well with our values. Sometimes anxiety gets in the way. Think about a time when you wished you'd responded differently to a situation.,,,values,interest = 0 & socialcontext = 1 & preanxious < 3 & AFTER CBM,values,,,,
INT_3,,Think about what you could do differently next time (even if you're anxious!) to respond in a way that feels closer to your values and goals.,,,values,interest = 0 & socialcontext = 1 & preanxious < 3 & AFTER CBM,values,,,,
INT_3,,"Think about something you REALLY wish you could do, but you've been stuck & not doing it yet. ",,,behav_act,interest = 0 & socialcontext = 1 & preanxious < 3 & AFTER CBM,behav_act,,,,
INT_3,,"Remember the ways you have been challenging negative thinking in the stories & use that same skill to challenge the thoughts keeping you stuck. Now, try ONE thing you can do to get a little closer to your goal.",,,behav_act,interest = 0 & socialcontext = 1 & preanxious < 3 & AFTER CBM,behav_act,,,,
INT_3,,Reflect on the last time you were worried about how a situation or conversation would go.,,,cog_restructure,interest = 0 & socialcontext = 1 & preanxious < 3 & AFTER CBM,cog_restructure,,,,
INT_3,,"After it was over, consider whether it was as bad as you expected. If it went better than you expected, notice how your anticipation was worse than the reality. If it went worse than you expected, use the practice you've been doing with the stories to recognize that even though something was really hard, you got through it. Consider whether there's something you can learn from the experience to help you next time.",,,cog_restructure,interest = 0 & socialcontext = 1 & preanxious < 3 & AFTER CBM,cog_restructure,,,,
,,,,,,,,,,,
INT_4,,"No problem, sounds like this isn't a great time for you - we'll try again later! Don't forget that you can always take a few slow breaths to help manage tough feelings.\n\nLet us know a better time to suggest an exercise. ",Scheduler,0,reschedule_breathing,interest = 1 & socialcontext in 1 2,reschedule_breathing,,,,
INT_4,,"That's totally okay! It seems like this isn't a good time, so we'll circle back. Remember that connecting with people you trust can make it easier to manage a difficult situation.\n\nLet us know a better time to suggest an exercise. [pick time to be re-prompted]",Scheduler,0,reschedule_friends,interest = 1 & socialcontext in 1 2,reschedule_friends,,,,
INT_4,,"No worries at all, we can try again later. Remember that you've managed hard situations before - think about what helps you & we can practice the thinking exercises later.
Let us know a better time. [pick a time to be re-prompted]",Scheduler,0,reschedule_reflection,interest = 1 & socialcontext in 1 2,reschedule_reflection,,,,
INT_4,,"That's OK, we'll try another time. In the meantime, take a moment to consider whether there's another way to look at a tough situation. Taking a different perspective can be really helpful.\n\nLet us know a better time to suggest an exercise. [pick time to be re-prompted]",Scheduler,0,reschedule_refame,interest = 1 & socialcontext in 1 2,reschedule_refame,,,,
INT_4,,"That's ok, we’ll come back to this when it fits better. For now, maybe just check in with how your body feels — soften your shoulders, unclench your jaw.\n\nLet us know when might be a better time to suggest an exercise. [pick time to be re-prompted]",Scheduler,0,reschedule_relax,interest = 1 & socialcontext in 1 2,reschedule_relax,,,,
NO CBM BEFORE OR AFTER INT_4,,,,,,,,,,,
INT_5,,"No problem, sounds like this isn't a great time for you - we'll try again later! Don't forget that you can always take a few slow breaths to help manage tough feelings.\n\nLet us know a better time to suggest an exercise. ",Scheduler,0,reschedule_breathing_alone,interest = 1 & socialcontext = 0,reschedule_breathing_alone,,,,
INT_5,,"That's totally okay! It seems like this isn't a good time, so we'll circle back. Remember that connecting with people you trust can make it easier to manage a difficult situation.\n\nLet us know a better time to suggest an exercise.",Scheduler,0,reschedule_friends_alone,interest = 1 & socialcontext = 0,reschedule_friends_alone,,,,
INT_5,,"No worries at all, we can try again later. Remember that you've managed hard situations before - think about what helps you & we can practice the thinking exercises later.
Let us know a better time.",Scheduler,0,reschedule_reflection_alone,interest = 1 & socialcontext = 0,reschedule_reflection_alone,,,,
INT_5,,"That's OK, we'll try another time. In the meantime, take a moment to consider whether there's another way to look at a tough situation. Taking a different perspective can be really helpful.\n\nLet us know a better time to suggest an exercise.",Scheduler,0,reschedule_refame_alone,interest = 1 & socialcontext = 0,reschedule_refame_alone,,,,
INT_5,,"That's ok, we’ll come back to this when it fits better. For now, maybe just check in with how your body feels — soften your shoulders, unclench your jaw.\n\nLet us know when might be a better time to suggest an exercise.",Scheduler,0,reschedule_relax_alone,interest = 1 & socialcontext = 0,reschedule_relax_alone,,,,
INT_5,,"Not a problem — let’s pause for now. If it helps, try focusing on one sound or color around you to give your mind a small break.\n\nLet us know a better time to suggest an exercise. ",Scheduler,0,reschedule_mindful,interest = 1 & socialcontext = 0,reschedule_mindful,,,,
INT_5,,"No problem. We can revisit this another time. In the meantime, it might help to take one tiny step: sip water, stand up, stretch.\n\nLet us know a better time to suggest an exercise. ",Scheduler,0,reschedule_grounding,interest = 1 & socialcontext = 0,reschedule_grounding,,,,
INT_5,,"Of course — we’ll try again another time. Take a breath & remember that you can handle hard feelings. 
Let us know a better time to suggest an exercise.",Scheduler,0,reschedule_cheerlead,interest = 1 & socialcontext = 0,reschedule_cheerlead,,,,
INT_5,,"That's ok, we can come back to this another time. If you want, you can do something small to have a quick mental break, like listening to a song that fits your mood, or listen for the furthest sound you can hear, then the nearest.\n\nLet us know a better time to suggest an exercise.",Scheduler,0,reschedule_distract,interest = 1 & socialcontext = 0,reschedule_distract,,,,
INT_5,,"No worries, we can circle back later. In the meantime, you could take a quick break from your task by looking at one object and notice its color, shape, and edges. This can help you be more in the moment instead of stressing about the past or the future.\n\nLet us know a better time to suggest an exercise.",Scheduler,0,reschedule_mindobject,interest = 1 & socialcontext = 0,reschedule_mindobject,,,,
NO CBM BEFORE OR AFTER INT_5,,,,,,,,,,,
ReasonsForEnding,Reasons For Ending,We are interested in improving MindTrails and would like to learn about why you decided to stop the program. We appreciate the feedback!,,,,,,,,,
ReasonsForEnding,Reasons For Ending,Why did you decide to end the program? Please check all that apply.,Multi,"I did not have enough time to complete the program; I did not find the program helpful for reducing my anxiety; I did not find the program interesting; I did not believe a program like this could work; I found the program frustrating to use; I no longer needed the program (i.e., I no longer felt anxious); I believe I was assigned to the control condition (i.e., the condition that was not expected to change anxiety); !Other (please specify); ^Prefer not to answer",,,reasons_for_ending,,,,
ReasonsForEnding,Reasons for Ending,"To the extent you completed the program, how helpful did you find MindTrails for reducing your anxiety?",Single,1. Not at all; 2. Slightly; 3. Somewhat; 4. Mostly; 5. Very; ^Prefer not to answer,,,rfe_helpfulness,,,,
ReasonsForEnding,Reasons for Ending,"To the extent you completed the program, how much did MindTrails keep your interest and attention?",Single,1. Not at all; 2. Slightly; 3. Somewhat; 4. Mostly; 5. Very; ^Prefer not to answer,,,rfe_interest,,,,
ReasonsForEnding,Reasons for Ending,"To the extent you completed the program, how much could you relate to the stories presented during training sessions?",Single,1. Not at all; 2. Slightly; 3. Somewhat; 4. Mostly; 5. Very; ^Prefer not to answer,,,rfe_relatability,,,,
ReasonsForEnding,Reasons for Ending,"To the extent you completed the program, how believable did you find the stories' endings in terms of those outcomes happening in your life?",Single,1. Not at all; 2. Slightly; 3. Somewhat; 4. Mostly; 5. Very; ^Prefer not to answer,,,rfe_believability,,,,
ReasonsForEnding,Reasons for Ending,How much did you like the way MindTrails looked?,Single,1. Not at all; 2. Slightly; 3. Somewhat; 4. Mostly; 5. Very; ^Prefer not to answer,,,rfe_presentation,,,,
ReasonsForEnding,Reasons for Ending,How easy was MindTrails to use?,Single,1. Not at all; 2. Slightly; 3. Somewhat; 4. Mostly; 5. Very; ^Prefer not to answer,,,rfe_ease_of_use,,,,
ReasonsForEnding,Reasons for Ending,I found the training sessions to be:,Single,Way too short; Somewhat too short; The right length; Somewhat too long; Way too long; ^Prefer not to answer,,,rfe_session_length,,,,
ReasonsForEnding,Reasons for Ending,How useful did you find the nightly survey that enabled you to choose when to complete training the next day?,Single,1. Not at all; 2. Slightly; 3. Somewhat; 4. Mostly; 5. Very; ^Prefer not to answer,,,rfe_nightly_survey_helpfulness,,,,
ReasonsForEnding,Reasons for Ending,How worried were you about your privacy using MindTrails?,Single,1. Not at all; 2. Slightly; 3. Somewhat; 4. Mostly; 5. Very; ^Prefer not to answer,,,rfe_privacy,,,,
ReasonsForEnding,Reasons for Ending,How tiring did you find the training sessions?,Single,1. Not at all; 2. Slightly; 3. Somewhat; 4. Mostly; 5. Very; ^Prefer not to answer,,,rfe_session_tiring,,,,
ReasonsForEnding,Reasons for Ending,How tiring did you find the assessments?,Single,1. Not at all; 2. Slightly; 3. Somewhat; 4. Mostly; 5. Very; ^Prefer not to answer,,,rfe_assessment_tiring,,,,
ReasonsForEnding,Reasons for Ending,"How much did you like the ""favorites"" feature of the app?",Single,1. Not at all; 2. Slightly; 3. Somewhat; 4. Mostly; 5. Very; ^Prefer not to answer,,,rfe_favorites,,,,
ReasonsForEnding,Reasons for Ending,How useful did you find the strategies and tips provided by the app?,Single,1. Not at all; 2. Slightly; 3. Somewhat; 4. Mostly; 5. Very; ^Prefer not to answer,,,rfe_tips,,,,
ReasonsForEnding,Reasons for Ending,How likely would you be to recommend MindTrails to others with similar anxiety difficulties?,Single,1. Not at all; 2. Slightly; 3. Somewhat; 4. Mostly; 5. Very; ^Prefer not to answer,,,rfe_recommend,,,,
ReasonsForEnding,Reasons for Ending,Do you have moderate-to-severe anxiety or depression symptoms?,Single,1. Yes; 2. No; 3. Unsure,rfesymptoms,,rfe_symptoms,,,,
ReasonsForEnding,Reasons for Ending,"How open or interested are you in pursuing other forms of treatment from a mental health professional (e.g., therapy, medication) compared to before you started the program?",Single,Much more likely; A little more likely; Equally likely; A little less likely; Much less likely; Not applicable (e.g. I'm currently undergoing another form of treatment); ^Prefer not to answer,,rfesymptoms in 1 3,rfe_treatment_interest,,,,
ReasonsForEnding,Reasons for Ending,How useful did you find the resources and referrals provided in the app?,Single,1. Not at all; 2. Slightly; 3. Somewhat; 4. Mostly; 5. Very; ^Prefer not to answer,,,rfe_resources,,,,
ReasonsForEnding,Reasons for Ending,Did you contact any of the following resources or referrals at any point since you started using MindTrails? Please select all that apply.,Multi,"Clubs and Organizations (e.g., cultural groups, volunteering); Counseling and Pyscological Services (CAPS); Faculty and Employee Assistance Program (FEAP); Food pantries; HELP Line; HoosWell; Multicultural Student Centers (e.g., Interfaith, Latinx, LGBTQ); Office for Equal Opportunity and Civil Rights (EOCR); Office of African-American Affairs (OAAA); Office of Graduate and Postdoctoral Affairs; Office of the Dean of Students (ODOS); PhD Plus; Student Disability Access Center (SDAC); Student Financial Services; Student Health and Wellness; TimelyCare; UVA Career Center; UVA Human Resources (HR); UVA Women's Center; UVA Writing Center; WahooWell; !Other; I did not contact any of these resources/referrals since starting this program",,,rfe_resources_contacted,,,,
ReasonsForEnding,Reasons for Ending,Some people have problems when trying to use a mobile application. Please read the following statments and tell us how much of a problem you had when trying to use the app.,,,,,,,,,
ReasonsForEnding,Reasons for Ending,"Technical problems with the mobile app (e.g., app crashing or freezing) made it difficult to use.",Single,1. Not at all; 2. Slightly; 3. Somewhat; 4. Mostly; 5. Very; ^Prefer not to answer,,,rfe_technical_problems,,,,
ReasonsForEnding,Reasons for Ending,I just forgot to open the app.,Single,1. Not at all; 2. Slightly; 3. Somewhat; 4. Mostly; 5. Very; ^Prefer not to answer,,,rfe_forgot,,,,
ReasonsForEnding,Reasons for Ending,Personal issues stopped me from using the app.,Single,1. Not at all; 2. Slightly; 3. Somewhat; 4. Mostly; 5. Very; ^Prefer not to answer,,,rfe_personal_issues,,,,
ReasonsForEnding,Reasons for Ending,The app was too hard to navigate.,Single,1. Not at all; 2. Slightly; 3. Somewhat; 4. Mostly; 5. Very; ^Prefer not to answer,,,rfe_navigation,,,,
ReasonsForEnding,Reasons for Ending,The app was too hard to understand.,Single,1. Not at all; 2. Slightly; 3. Somewhat; 4. Mostly; 5. Very; ^Prefer not to answer,,,rfe_complexity,,,,
ReasonsForEnding,Reasons for Ending,The app did not seem very useful.,Single,1. Not at all; 2. Slightly; 3. Somewhat; 4. Mostly; 5. Very; ^Prefer not to answer,,,rfe_usefulness,,,,
ReasonsForEnding,Reasons for Ending,I thought the program was going to take too long.,Single,1. Not at all; 2. Slightly; 3. Somewhat; 4. Mostly; 5. Very; ^Prefer not to answer,,,rfe_length,,,,
ReasonsForEnding,Reasons for Ending,The app had too many words.,Single,1. Not at all; 2. Slightly; 3. Somewhat; 4. Mostly; 5. Very; ^Prefer not to answer,,,rfe_wordiness,,,,
ReasonsForEnding,Reasons for Ending,"The screen was hard to read (e.g., words were too small).",Single,1. Not at all; 2. Slightly; 3. Somewhat; 4. Mostly; 5. Very; ^Prefer not to answer,,,rfe_ease_of_reading,,,,
ReasonsForEnding,Reasons for Ending,"During this program, did you change any dose of medication, therapy, or other intervention to help your mental health? Please check all that apply.",Multi,I seek in-person therapy more now; I seek in-person therapy less now; I use prescription medication more now; I use prescription medication less now; I use online computer programs or mobile apps (other than MindTrails) more now; I use online computer programs or mobile apps (other than MindTrails) less now; !Other; I did not change my intervention habits; ^Prefer not to answer,,,rfe_intervention_changes,,,,
Questions,,,,,,,,,,,
rename any that don't require a response to same name,,,,,,,,,,,
check conditional logic,,,,,,,,,,,
BT/Lab: DO WE WANT AFFECT ANCHORS FOR PRE or POST CBM INTERVENTIONS?,,,,,,,,,,,
BT/Lab: DO WE STILL WANT TO SHOW DOMAIN-DEPENDENT TIPS / ER STRATEGIES IF WE'RE ALREADY GIVING PRE-INTERVENTION,,,,,,,,,,,